﻿{
"Version": "0.8.9.0",
"Object": {
"$type": "RogueEssence.Data.ZoneData, RogueEssence",
"Name": {
"DefaultText": "Example Mod Overworld Map Zone",
"LocalTexts": {}
},
"Released": false,
"Comment": "",
"NoEXP": false,
"ExpPercent": 100,
"Level": -1,
"LevelCap": false,
"KeepSkills": false,
"TeamRestrict": false,
"TeamSize": -1,
"MoneyRestrict": false,
"BagRestrict": -1,
"KeepTreasure": false,
"BagSize": -1,
"Persistent": false,
"Rescues": 0,
"Rogue": 0,
"Segments": [],
"GroundMaps": [
"default_map"
]
}
}