﻿{
"Version": "0.8.9.0",
"Object": {
"$type": "RogueEssence.Data.ItemData, RogueEssence",
"Name": {
"DefaultText": "Stolen Scarf",
"LocalTexts": {}
},
"Desc": {
"DefaultText": "A scarf stolen by an outlaw. Return it to its owner to complete your mission!",
"LocalTexts": {}
},
"Released": true,
"Comment": "",
"Sprite": "Scarf_Tan",
"Icon": 14,
"SortCategory": 0,
"Price": 0,
"Rarity": 0,
"MaxStack": 0,
"CannotDrop": true,
"BagEffect": false,
"ItemStates": [],
"GroundUseActions": [],
"UseAction": {
"$type": "RogueEssence.Dungeon.AttackAction, RogueEssence",
"HitTiles": false,
"BurstTiles": 0,
"Emitter": {
"$type": "RogueEssence.Content.EmptyFiniteEmitter, RogueEssence",
"LocHeight": 0
},
"WideAngle": 0,
"CharAnimData": {
"$type": "RogueEssence.Dungeon.CharAnimProcess, RogueEssence",
"Process": 0,
"AnimOverride": 0
},
"TargetAlignments": 0,
"TileEmitter": {
"$type": "RogueEssence.Content.EmptyFiniteEmitter, RogueEssence",
"LocHeight": 0
},
"PreActions": [],
"ActionFX": {
"Delay": 0,
"AbsoluteDelay": false,
"Sound": "",
"Emitter": {
"$type": "RogueEssence.Content.EmptyFiniteEmitter, RogueEssence",
"LocHeight": 0
},
"ScreenMovement": {
"MinShake": 0,
"MaxShake": 0,
"MaxShakeTime": 0
}
},
"LagBehindTime": 0
},
"Explosion": {
"TargetAlignments": 0,
"HitTiles": false,
"Range": 0,
"Speed": 0,
"TileEmitter": {
"$type": "RogueEssence.Content.EmptyFiniteEmitter, RogueEssence",
"LocHeight": 0
},
"Emitter": {
"$type": "RogueEssence.Content.EmptyCircleSquareEmitter, RogueEssence",
"LocHeight": 0
},
"IntroFX": [],
"ExplodeFX": {
"Delay": 0,
"AbsoluteDelay": false,
"Sound": "",
"Emitter": {
"$type": "RogueEssence.Content.EmptyFiniteEmitter, RogueEssence",
"LocHeight": 0
},
"ScreenMovement": {
"MinShake": 0,
"MaxShake": 0,
"MaxShakeTime": 0
}
}
},
"UseEvent": {
"Element": "",
"Category": 0,
"HitRate": -1,
"SkillStates": [],
"BeforeTryActions": [],
"BeforeActions": [],
"OnActions": [],
"BeforeExplosions": [],
"BeforeHits": [],
"OnHits": [],
"OnHitTiles": [],
"AfterActions": [],
"ElementEffects": [],
"IntroFX": [],
"HitFX": {
"Delay": 0,
"AbsoluteDelay": false,
"Sound": "",
"Emitter": {
"$type": "RogueEssence.Content.EmptyFiniteEmitter, RogueEssence",
"LocHeight": 0
},
"ScreenMovement": {
"MinShake": 0,
"MaxShake": 0,
"MaxShakeTime": 0
}
},
"HitCharAction": {
"$type": "RogueEssence.Dungeon.CharAnimProcess, RogueEssence",
"Process": 0,
"AnimOverride": 0
}
},
"UsageType": 0,
"ArcThrow": false,
"BreakOnThrow": false,
"ThrowAnim": {
"AnimIndex": "",
"FrameTime": 1,
"StartFrame": -1,
"EndFrame": -1,
"AnimDir": -1,
"Alpha": 255,
"AnimFlip": 0
},
"ProximityEvent": {
"Radius": -1,
"TargetAlignments": 0,
"BeforeExplosions": [],
"OnEquips": [],
"OnPickups": [],
"BeforeStatusAdds": [],
"BeforeStatusAddings": [],
"OnStatusAdds": [],
"OnStatusRemoves": [],
"OnMapStatusAdds": [],
"OnMapStatusRemoves": [],
"OnMapStarts": [],
"OnTurnStarts": [],
"OnTurnEnds": [],
"OnMapTurnEnds": [],
"OnWalks": [],
"OnDeaths": [],
"OnRefresh": [],
"BeforeTryActions": [],
"BeforeActions": [],
"OnActions": [],
"BeforeHittings": [],
"BeforeBeingHits": [],
"AfterHittings": [],
"AfterBeingHits": [],
"OnHitTiles": [],
"AfterActions": [],
"UserElementEffects": [],
"TargetElementEffects": [],
"ModifyHPs": [],
"RestoreHPs": []
},
"OnEquips": [],
"OnPickups": [],
"BeforeStatusAdds": [],
"BeforeStatusAddings": [],
"OnStatusAdds": [],
"OnStatusRemoves": [],
"OnMapStatusAdds": [],
"OnMapStatusRemoves": [],
"OnMapStarts": [],
"OnTurnStarts": [],
"OnTurnEnds": [],
"OnMapTurnEnds": [],
"OnWalks": [],
"OnDeaths": [],
"OnRefresh": [],
"BeforeTryActions": [],
"BeforeActions": [],
"OnActions": [],
"BeforeHittings": [],
"BeforeBeingHits": [],
"AfterHittings": [],
"AfterBeingHits": [],
"OnHitTiles": [],
"AfterActions": [],
"UserElementEffects": [],
"TargetElementEffects": [],
"ModifyHPs": [],
"RestoreHPs": []
}
}