﻿{
"Version": "0.8.9.0",
"Object": {
"$type": "RogueEssence.Data.ZoneData, RogueEssence",
"Name": {
"DefaultText": "Alpha Archipelago",
"LocalTexts": {}
},
"Released": true,
"Comment": "",
"NoEXP": false,
"ExpPercent": 100,
"Level": -1,
"LevelCap": false,
"KeepSkills": false,
"TeamRestrict": false,
"TeamSize": -1,
"MoneyRestrict": false,
"BagRestrict": -1,
"KeepTreasure": false,
"BagSize": -1,
"Persistent": false,
"Rescues": 0,
"Rogue": 0,
"Segments": [
{
"$type": "RogueEssence.LevelGen.LayeredSegment, RogueEssence",
"Floors": [
{
"$type": "RogueEssence.LevelGen.GridFloorGen, RogueEssence",
"GenSteps": [
{
"Key": {
"str": [
-6
]
},
"Value": {
"$type": "PMDC.LevelGen.MapDataStep`1[[RogueEssence.LevelGen.MapGenContext, RogueEssence]], PMDC",
"Music": "Demonstration.ogg",
"TimeLimit": 1500,
"TileSight": 0,
"CharSight": 0,
"ClampCamera": false
}
},
{
"Key": {
"str": [
-5
]
},
"Value": {
"$type": "RogueElements.InitGridPlanStep`1[[RogueEssence.LevelGen.MapGenContext, RogueEssence]], RogueElements",
"CellWidth": 10,
"CellHeight": 10,
"CellX": 3,
"CellY": 2,
"CellWall": 1,
"Wrap": false
}
},
{
"Key": {
"str": [
-4
]
},
"Value": {
"$type": "RogueElements.GridPathBranch`1[[RogueEssence.LevelGen.MapGenContext, RogueEssence]], RogueElements",
"RoomRatio": {
"Min": 90,
"Max": 90
},
"BranchRatio": {
"Min": 0,
"Max": 25
},
"NoForcedBranches": false,
"GenericRooms": {
"$type": "RogueElements.SpawnList`1[[RogueElements.RoomGen`1[[RogueEssence.LevelGen.MapGenContext, RogueEssence]], RogueElements]], RogueElements",
"$values": [
{
"Spawn": {
"$type": "RogueElements.RoomGenCross`1[[RogueEssence.LevelGen.MapGenContext, RogueEssence]], RogueElements",
"MajorWidth": {
"Min": 4,
"Max": 11
},
"MinorHeight": {
"Min": 2,
"Max": 6
},
"MajorHeight": {
"Min": 4,
"Max": 11
},
"MinorWidth": {
"Min": 2,
"Max": 6
}
},
"Rate": 10
},
{
"Spawn": {
"$type": "RogueElements.RoomGenRound`1[[RogueEssence.LevelGen.MapGenContext, RogueEssence]], RogueElements",
"Width": {
"Min": 5,
"Max": 10
},
"Height": {
"Min": 5,
"Max": 10
}
},
"Rate": 10
}
]
},
"RoomComponents": [
{
"$type": "PMDC.LevelGen.ConnectivityRoom, PMDC",
"Connection": 1
}
],
"GenericHalls": {
"$type": "RogueElements.SpawnList`1[[RogueElements.PermissiveRoomGen`1[[RogueEssence.LevelGen.MapGenContext, RogueEssence]], RogueElements]], RogueElements",
"$values": [
{
"Spawn": {
"$type": "RogueElements.RoomGenAngledHall`1[[RogueEssence.LevelGen.MapGenContext, RogueEssence]], RogueElements",
"HallTurnBias": 50,
"Brush": {
"$type": "RogueElements.DefaultHallBrush, RogueElements"
},
"Width": {
"Min": 0,
"Max": 0
},
"Height": {
"Min": 0,
"Max": 0
}
},
"Rate": 10
}
]
},
"HallComponents": [
{
"$type": "PMDC.LevelGen.ConnectivityRoom, PMDC",
"Connection": 1
}
]
}
},
{
"Key": {
"str": [
-4
]
},
"Value": {
"$type": "RogueElements.ConnectGridBranchStep`1[[RogueEssence.LevelGen.MapGenContext, RogueEssence]], RogueElements",
"ConnectPercent": 75,
"Filters": [
{
"$type": "RogueElements.RoomFilterComponent, RogueElements",
"Negate": true,
"Components": [
{
"$type": "PMDC.LevelGen.NoConnectRoom, PMDC"
}
]
}
],
"GenericHalls": {
"$type": "RogueElements.PresetPicker`1[[RogueElements.PermissiveRoomGen`1[[RogueEssence.LevelGen.MapGenContext, RogueEssence]], RogueElements]], RogueElements",
"ToSpawn": {
"$type": "RogueElements.RoomGenAngledHall`1[[RogueEssence.LevelGen.MapGenContext, RogueEssence]], RogueElements",
"HallTurnBias": 50,
"Brush": {
"$type": "RogueElements.DefaultHallBrush, RogueElements"
},
"Width": {
"Min": 0,
"Max": 0
},
"Height": {
"Min": 0,
"Max": 0
}
}
},
"HallComponents": [
{
"$type": "PMDC.LevelGen.ConnectivityRoom, PMDC",
"Connection": 1
}
]
}
},
{
"Key": {
"str": [
-3
]
},
"Value": {
"$type": "RogueElements.DrawGridToFloorStep`1[[RogueEssence.LevelGen.MapGenContext, RogueEssence]], RogueElements"
}
},
{
"Key": {
"str": [
-1
]
},
"Value": {
"$type": "RogueElements.DrawFloorToTileStep`1[[RogueEssence.LevelGen.MapGenContext, RogueEssence]], RogueElements",
"Padding": 1
}
},
{
"Key": {
"str": [
0,
1
]
},
"Value": {
"$type": "RogueEssence.LevelGen.UnbreakableBorderStep`1[[RogueEssence.LevelGen.MapGenContext, RogueEssence]], RogueEssence",
"Thickness": 1
}
},
{
"Key": {
"str": [
1,
2
]
},
"Value": {
"$type": "PMDC.LevelGen.MobSpawnSettingsStep`1[[RogueEssence.LevelGen.MapGenContext, RogueEssence]], PMDC",
"Priority": {
"str": [
15
]
},
"Respawn": {
"$type": "PMDC.Dungeon.RespawnFromEligibleEvent, PMDC",
"MaxFoes": 3,
"RespawnTime": 80
},
"MaxFoes": 0,
"RespawnTime": 0
}
},
{
"Key": {
"str": [
2
]
},
"Value": {
"$type": "RogueElements.FloorStairsStep`3[[RogueEssence.LevelGen.MapGenContext, RogueEssence],[RogueEssence.LevelGen.MapGenEntrance, RogueEssence],[RogueEssence.LevelGen.MapGenExit, RogueEssence]], RogueElements",
"MinDistance": 0,
"Entrances": [
{
"Loc": {
"X": 0,
"Y": 0
},
"Dir": 0
}
],
"Exits": [
{
"Loc": {
"X": 0,
"Y": 0
},
"Tile": {
"TileLoc": {
"X": 0,
"Y": 0
},
"ID": "stairs_go_up",
"Revealed": true,
"Owner": 0,
"TileStates": []
}
}
],
"Filters": [
{
"$type": "PMDC.LevelGen.RoomFilterConnectivity, PMDC",
"Connection": 1
},
{
"$type": "RogueElements.RoomFilterComponent, RogueElements",
"Negate": true,
"Components": [
{
"$type": "PMDC.LevelGen.BossRoom, PMDC"
}
]
}
]
}
},
{
"Key": {
"str": [
3
]
},
"Value": {
"$type": "RogueElements.PerlinWaterStep`1[[RogueEssence.LevelGen.MapGenContext, RogueEssence]], RogueElements",
"OrderComplexity": 3,
"OrderSoftness": 1,
"WaterPercent": {
"Min": 30,
"Max": 30
},
"Bowl": true,
"Terrain": {
"$type": "RogueEssence.Dungeon.Tile, RogueEssence",
"Data": {
"ID": "water",
"TileTex": {
"AutoTileset": "",
"Associates": [],
"Layers": [],
"NeighborCode": -1
},
"StableTex": false
},
"Effect": {
"TileLoc": {
"X": 0,
"Y": 0
},
"ID": "",
"Revealed": false,
"Owner": 0,
"TileStates": []
}
},
"TerrainStencil": {
"$type": "RogueElements.MapTerrainStencil`1[[RogueEssence.LevelGen.MapGenContext, RogueEssence]], RogueElements",
"Room": false,
"Wall": true,
"Blocked": false,
"Not": false
}
}
},
{
"Key": {
"str": [
3,
1
]
},
"Value": {
"$type": "RogueElements.DropDiagonalBlockStep`1[[RogueEssence.LevelGen.MapGenContext, RogueEssence]], RogueElements",
"Terrain": {
"$type": "RogueEssence.Dungeon.Tile, RogueEssence",
"Data": {
"ID": "water",
"TileTex": {
"AutoTileset": "",
"Associates": [],
"Layers": [],
"NeighborCode": -1
},
"StableTex": false
},
"Effect": {
"TileLoc": {
"X": 0,
"Y": 0
},
"ID": "",
"Revealed": false,
"Owner": 0,
"TileStates": []
}
}
}
},
{
"Key": {
"str": [
3,
2
]
},
"Value": {
"$type": "RogueElements.EraseIsolatedStep`1[[RogueEssence.LevelGen.MapGenContext, RogueEssence]], RogueElements",
"Terrain": {
"$type": "RogueEssence.Dungeon.Tile, RogueEssence",
"Data": {
"ID": "water",
"TileTex": {
"AutoTileset": "",
"Associates": [],
"Layers": [],
"NeighborCode": -1
},
"StableTex": false
},
"Effect": {
"TileLoc": {
"X": 0,
"Y": 0
},
"ID": "",
"Revealed": false,
"Owner": 0,
"TileStates": []
}
}
}
},
{
"Key": {
"str": [
4
]
},
"Value": {
"$type": "RogueEssence.LevelGen.MapTextureStep`1[[RogueEssence.LevelGen.MapGenContext, RogueEssence]], RogueEssence",
"GroundTileset": "uproar_forest_floor",
"BlockTileset": "uproar_forest_wall",
"WaterTileset": "uproar_forest_secondary",
"LayeredGround": false,
"IndependentGround": false,
"GroundElement": "normal"
}
},
{
"Key": {
"str": [
5
]
},
"Value": {
"$type": "PMDC.LevelGen.SpacedRoomSpawnStep`2[[RogueEssence.LevelGen.MapGenContext, RogueEssence],[RogueEssence.Dungeon.EffectTile, RogueEssence]], PMDC",
"IncludeHalls": false,
"Filters": [
{
"$type": "PMDC.LevelGen.RoomFilterConnectivity, PMDC",
"Connection": 1
}
],
"Spawn": {
"$type": "RogueElements.PickerSpawner`2[[RogueEssence.LevelGen.MapGenContext, RogueEssence],[RogueEssence.Dungeon.EffectTile, RogueEssence]], RogueElements",
"Picker": {
"$type": "RogueElements.LoopedRand`1[[RogueEssence.Dungeon.EffectTile, RogueEssence]], RogueElements",
"Spawner": {
"$type": "RogueElements.SpawnList`1[[RogueEssence.Dungeon.EffectTile, RogueEssence]], RogueElements",
"$values": [
{
"Spawn": {
"TileLoc": {
"X": 0,
"Y": 0
},
"ID": "tile_wonder",
"Revealed": true,
"Owner": 0,
"TileStates": []
},
"Rate": 10
}
]
},
"AmountSpawner": {
"$type": "RogueElements.RandRange, RogueElements",
"Min": 2,
"Max": 4
}
}
}
}
},
{
"Key": {
"str": [
5
]
},
"Value": {
"$type": "RogueElements.RandomRoomSpawnStep`2[[RogueEssence.LevelGen.MapGenContext, RogueEssence],[RogueEssence.Dungeon.EffectTile, RogueEssence]], RogueElements",
"SuccessPercent": 100,
"IncludeHalls": false,
"Filters": [
{
"$type": "PMDC.LevelGen.RoomFilterConnectivity, PMDC",
"Connection": 1
}
],
"Spawn": {
"$type": "RogueElements.ContextSpawner`2[[RogueEssence.LevelGen.MapGenContext, RogueEssence],[RogueEssence.Dungeon.EffectTile, RogueEssence]], RogueElements",
"Amount": {
"Min": 6,
"Max": 9
}
}
}
},
{
"Key": {
"str": [
6
]
},
"Value": {
"$type": "RogueElements.TerminalSpawnStep`2[[RogueEssence.LevelGen.MapGenContext, RogueEssence],[RogueEssence.LevelGen.MoneySpawn, RogueEssence]], RogueElements",
"IncludeHalls": false,
"Filters": [],
"Spawn": {
"$type": "RogueEssence.LevelGen.MoneyDivSpawner`1[[RogueEssence.LevelGen.MapGenContext, RogueEssence]], RogueEssence",
"DivAmount": {
"Min": 1,
"Max": 3
}
}
}
},
{
"Key": {
"str": [
6,
1
]
},
"Value": {
"$type": "RogueElements.DueSpawnStep`3[[RogueEssence.LevelGen.MapGenContext, RogueEssence],[RogueEssence.Dungeon.InvItem, RogueEssence],[RogueEssence.LevelGen.MapGenEntrance, RogueEssence]], RogueElements",
"SuccessPercent": 25,
"IncludeHalls": false,
"Filters": [
{
"$type": "PMDC.LevelGen.RoomFilterConnectivity, PMDC",
"Connection": 1
}
],
"Spawn": {
"$type": "RogueElements.ContextSpawner`2[[RogueEssence.LevelGen.MapGenContext, RogueEssence],[RogueEssence.Dungeon.InvItem, RogueEssence]], RogueElements",
"Amount": {
"Min": 2,
"Max": 4
}
}
}
},
{
"Key": {
"str": [
6,
2
]
},
"Value": {
"$type": "RogueEssence.LevelGen.PlaceRandomMobsStep`1[[RogueEssence.LevelGen.MapGenContext, RogueEssence]], RogueEssence",
"Filters": [
{
"$type": "PMDC.LevelGen.RoomFilterConnectivity, PMDC",
"Connection": 1
}
],
"IncludeHalls": false,
"Spawn": {
"$type": "RogueEssence.LevelGen.TeamContextSpawner`1[[RogueEssence.LevelGen.MapGenContext, RogueEssence]], RogueEssence",
"Amount": {
"Min": 2,
"Max": 4
}
},
"Ally": false,
"ClumpFactor": 20
}
},
{
"Key": {
"str": [
7
]
},
"Value": {
"$type": "RogueElements.DetectIsolatedStairsStep`3[[RogueEssence.LevelGen.MapGenContext, RogueEssence],[RogueEssence.LevelGen.MapGenEntrance, RogueEssence],[RogueEssence.LevelGen.MapGenExit, RogueEssence]], RogueElements"
}
}
],
"Comment": ""
},
{
"$type": "RogueEssence.LevelGen.GridFloorGen, RogueEssence",
"GenSteps": [
{
"Key": {
"str": [
-6
]
},
"Value": {
"$type": "PMDC.LevelGen.MapDataStep`1[[RogueEssence.LevelGen.MapGenContext, RogueEssence]], PMDC",
"Music": "Demonstration.ogg",
"TimeLimit": 1500,
"TileSight": 0,
"CharSight": 0,
"ClampCamera": false
}
},
{
"Key": {
"str": [
-5
]
},
"Value": {
"$type": "RogueElements.InitGridPlanStep`1[[RogueEssence.LevelGen.MapGenContext, RogueEssence]], RogueElements",
"CellWidth": 10,
"CellHeight": 10,
"CellX": 3,
"CellY": 2,
"CellWall": 1,
"Wrap": false
}
},
{
"Key": {
"str": [
-4
]
},
"Value": {
"$type": "RogueElements.GridPathBranch`1[[RogueEssence.LevelGen.MapGenContext, RogueEssence]], RogueElements",
"RoomRatio": {
"Min": 90,
"Max": 90
},
"BranchRatio": {
"Min": 0,
"Max": 25
},
"NoForcedBranches": false,
"GenericRooms": {
"$type": "RogueElements.SpawnList`1[[RogueElements.RoomGen`1[[RogueEssence.LevelGen.MapGenContext, RogueEssence]], RogueElements]], RogueElements",
"$values": [
{
"Spawn": {
"$type": "RogueElements.RoomGenCross`1[[RogueEssence.LevelGen.MapGenContext, RogueEssence]], RogueElements",
"MajorWidth": {
"Min": 4,
"Max": 11
},
"MinorHeight": {
"Min": 2,
"Max": 6
},
"MajorHeight": {
"Min": 4,
"Max": 11
},
"MinorWidth": {
"Min": 2,
"Max": 6
}
},
"Rate": 10
},
{
"Spawn": {
"$type": "RogueElements.RoomGenRound`1[[RogueEssence.LevelGen.MapGenContext, RogueEssence]], RogueElements",
"Width": {
"Min": 5,
"Max": 10
},
"Height": {
"Min": 5,
"Max": 10
}
},
"Rate": 10
}
]
},
"RoomComponents": [
{
"$type": "PMDC.LevelGen.ConnectivityRoom, PMDC",
"Connection": 1
}
],
"GenericHalls": {
"$type": "RogueElements.SpawnList`1[[RogueElements.PermissiveRoomGen`1[[RogueEssence.LevelGen.MapGenContext, RogueEssence]], RogueElements]], RogueElements",
"$values": [
{
"Spawn": {
"$type": "RogueElements.RoomGenAngledHall`1[[RogueEssence.LevelGen.MapGenContext, RogueEssence]], RogueElements",
"HallTurnBias": 50,
"Brush": {
"$type": "RogueElements.DefaultHallBrush, RogueElements"
},
"Width": {
"Min": 0,
"Max": 0
},
"Height": {
"Min": 0,
"Max": 0
}
},
"Rate": 10
}
]
},
"HallComponents": [
{
"$type": "PMDC.LevelGen.ConnectivityRoom, PMDC",
"Connection": 1
}
]
}
},
{
"Key": {
"str": [
-4
]
},
"Value": {
"$type": "RogueElements.ConnectGridBranchStep`1[[RogueEssence.LevelGen.MapGenContext, RogueEssence]], RogueElements",
"ConnectPercent": 75,
"Filters": [
{
"$type": "RogueElements.RoomFilterComponent, RogueElements",
"Negate": true,
"Components": [
{
"$type": "PMDC.LevelGen.NoConnectRoom, PMDC"
}
]
}
],
"GenericHalls": {
"$type": "RogueElements.PresetPicker`1[[RogueElements.PermissiveRoomGen`1[[RogueEssence.LevelGen.MapGenContext, RogueEssence]], RogueElements]], RogueElements",
"ToSpawn": {
"$type": "RogueElements.RoomGenAngledHall`1[[RogueEssence.LevelGen.MapGenContext, RogueEssence]], RogueElements",
"HallTurnBias": 50,
"Brush": {
"$type": "RogueElements.DefaultHallBrush, RogueElements"
},
"Width": {
"Min": 0,
"Max": 0
},
"Height": {
"Min": 0,
"Max": 0
}
}
},
"HallComponents": [
{
"$type": "PMDC.LevelGen.ConnectivityRoom, PMDC",
"Connection": 1
}
]
}
},
{
"Key": {
"str": [
-3
]
},
"Value": {
"$type": "RogueElements.DrawGridToFloorStep`1[[RogueEssence.LevelGen.MapGenContext, RogueEssence]], RogueElements"
}
},
{
"Key": {
"str": [
-1
]
},
"Value": {
"$type": "RogueElements.DrawFloorToTileStep`1[[RogueEssence.LevelGen.MapGenContext, RogueEssence]], RogueElements",
"Padding": 1
}
},
{
"Key": {
"str": [
0,
1
]
},
"Value": {
"$type": "RogueEssence.LevelGen.UnbreakableBorderStep`1[[RogueEssence.LevelGen.MapGenContext, RogueEssence]], RogueEssence",
"Thickness": 1
}
},
{
"Key": {
"str": [
1,
2
]
},
"Value": {
"$type": "PMDC.LevelGen.MobSpawnSettingsStep`1[[RogueEssence.LevelGen.MapGenContext, RogueEssence]], PMDC",
"Priority": {
"str": [
15
]
},
"Respawn": {
"$type": "PMDC.Dungeon.RespawnFromEligibleEvent, PMDC",
"MaxFoes": 3,
"RespawnTime": 80
},
"MaxFoes": 0,
"RespawnTime": 0
}
},
{
"Key": {
"str": [
2
]
},
"Value": {
"$type": "RogueElements.FloorStairsStep`3[[RogueEssence.LevelGen.MapGenContext, RogueEssence],[RogueEssence.LevelGen.MapGenEntrance, RogueEssence],[RogueEssence.LevelGen.MapGenExit, RogueEssence]], RogueElements",
"MinDistance": 0,
"Entrances": [
{
"Loc": {
"X": 0,
"Y": 0
},
"Dir": 0
}
],
"Exits": [
{
"Loc": {
"X": 0,
"Y": 0
},
"Tile": {
"TileLoc": {
"X": 0,
"Y": 0
},
"ID": "stairs_go_up",
"Revealed": true,
"Owner": 0,
"TileStates": []
}
}
],
"Filters": [
{
"$type": "PMDC.LevelGen.RoomFilterConnectivity, PMDC",
"Connection": 1
},
{
"$type": "RogueElements.RoomFilterComponent, RogueElements",
"Negate": true,
"Components": [
{
"$type": "PMDC.LevelGen.BossRoom, PMDC"
}
]
}
]
}
},
{
"Key": {
"str": [
3
]
},
"Value": {
"$type": "RogueElements.PerlinWaterStep`1[[RogueEssence.LevelGen.MapGenContext, RogueEssence]], RogueElements",
"OrderComplexity": 3,
"OrderSoftness": 1,
"WaterPercent": {
"Min": 30,
"Max": 30
},
"Bowl": true,
"Terrain": {
"$type": "RogueEssence.Dungeon.Tile, RogueEssence",
"Data": {
"ID": "water",
"TileTex": {
"AutoTileset": "",
"Associates": [],
"Layers": [],
"NeighborCode": -1
},
"StableTex": false
},
"Effect": {
"TileLoc": {
"X": 0,
"Y": 0
},
"ID": "",
"Revealed": false,
"Owner": 0,
"TileStates": []
}
},
"TerrainStencil": {
"$type": "RogueElements.MapTerrainStencil`1[[RogueEssence.LevelGen.MapGenContext, RogueEssence]], RogueElements",
"Room": false,
"Wall": true,
"Blocked": false,
"Not": false
}
}
},
{
"Key": {
"str": [
3,
1
]
},
"Value": {
"$type": "RogueElements.DropDiagonalBlockStep`1[[RogueEssence.LevelGen.MapGenContext, RogueEssence]], RogueElements",
"Terrain": {
"$type": "RogueEssence.Dungeon.Tile, RogueEssence",
"Data": {
"ID": "water",
"TileTex": {
"AutoTileset": "",
"Associates": [],
"Layers": [],
"NeighborCode": -1
},
"StableTex": false
},
"Effect": {
"TileLoc": {
"X": 0,
"Y": 0
},
"ID": "",
"Revealed": false,
"Owner": 0,
"TileStates": []
}
}
}
},
{
"Key": {
"str": [
3,
2
]
},
"Value": {
"$type": "RogueElements.EraseIsolatedStep`1[[RogueEssence.LevelGen.MapGenContext, RogueEssence]], RogueElements",
"Terrain": {
"$type": "RogueEssence.Dungeon.Tile, RogueEssence",
"Data": {
"ID": "water",
"TileTex": {
"AutoTileset": "",
"Associates": [],
"Layers": [],
"NeighborCode": -1
},
"StableTex": false
},
"Effect": {
"TileLoc": {
"X": 0,
"Y": 0
},
"ID": "",
"Revealed": false,
"Owner": 0,
"TileStates": []
}
}
}
},
{
"Key": {
"str": [
4
]
},
"Value": {
"$type": "RogueEssence.LevelGen.MapTextureStep`1[[RogueEssence.LevelGen.MapGenContext, RogueEssence]], RogueEssence",
"GroundTileset": "uproar_forest_floor",
"BlockTileset": "uproar_forest_wall",
"WaterTileset": "uproar_forest_secondary",
"LayeredGround": false,
"IndependentGround": false,
"GroundElement": "normal"
}
},
{
"Key": {
"str": [
5
]
},
"Value": {
"$type": "PMDC.LevelGen.SpacedRoomSpawnStep`2[[RogueEssence.LevelGen.MapGenContext, RogueEssence],[RogueEssence.Dungeon.EffectTile, RogueEssence]], PMDC",
"IncludeHalls": false,
"Filters": [
{
"$type": "PMDC.LevelGen.RoomFilterConnectivity, PMDC",
"Connection": 1
}
],
"Spawn": {
"$type": "RogueElements.PickerSpawner`2[[RogueEssence.LevelGen.MapGenContext, RogueEssence],[RogueEssence.Dungeon.EffectTile, RogueEssence]], RogueElements",
"Picker": {
"$type": "RogueElements.LoopedRand`1[[RogueEssence.Dungeon.EffectTile, RogueEssence]], RogueElements",
"Spawner": {
"$type": "RogueElements.SpawnList`1[[RogueEssence.Dungeon.EffectTile, RogueEssence]], RogueElements",
"$values": [
{
"Spawn": {
"TileLoc": {
"X": 0,
"Y": 0
},
"ID": "tile_wonder",
"Revealed": true,
"Owner": 0,
"TileStates": []
},
"Rate": 10
}
]
},
"AmountSpawner": {
"$type": "RogueElements.RandRange, RogueElements",
"Min": 2,
"Max": 4
}
}
}
}
},
{
"Key": {
"str": [
5
]
},
"Value": {
"$type": "RogueElements.RandomRoomSpawnStep`2[[RogueEssence.LevelGen.MapGenContext, RogueEssence],[RogueEssence.Dungeon.EffectTile, RogueEssence]], RogueElements",
"SuccessPercent": 100,
"IncludeHalls": false,
"Filters": [
{
"$type": "PMDC.LevelGen.RoomFilterConnectivity, PMDC",
"Connection": 1
}
],
"Spawn": {
"$type": "RogueElements.ContextSpawner`2[[RogueEssence.LevelGen.MapGenContext, RogueEssence],[RogueEssence.Dungeon.EffectTile, RogueEssence]], RogueElements",
"Amount": {
"Min": 6,
"Max": 9
}
}
}
},
{
"Key": {
"str": [
6
]
},
"Value": {
"$type": "RogueElements.TerminalSpawnStep`2[[RogueEssence.LevelGen.MapGenContext, RogueEssence],[RogueEssence.LevelGen.MoneySpawn, RogueEssence]], RogueElements",
"IncludeHalls": false,
"Filters": [],
"Spawn": {
"$type": "RogueEssence.LevelGen.MoneyDivSpawner`1[[RogueEssence.LevelGen.MapGenContext, RogueEssence]], RogueEssence",
"DivAmount": {
"Min": 1,
"Max": 3
}
}
}
},
{
"Key": {
"str": [
6,
1
]
},
"Value": {
"$type": "RogueElements.DueSpawnStep`3[[RogueEssence.LevelGen.MapGenContext, RogueEssence],[RogueEssence.Dungeon.InvItem, RogueEssence],[RogueEssence.LevelGen.MapGenEntrance, RogueEssence]], RogueElements",
"SuccessPercent": 25,
"IncludeHalls": false,
"Filters": [
{
"$type": "PMDC.LevelGen.RoomFilterConnectivity, PMDC",
"Connection": 1
}
],
"Spawn": {
"$type": "RogueElements.ContextSpawner`2[[RogueEssence.LevelGen.MapGenContext, RogueEssence],[RogueEssence.Dungeon.InvItem, RogueEssence]], RogueElements",
"Amount": {
"Min": 2,
"Max": 4
}
}
}
},
{
"Key": {
"str": [
6,
2
]
},
"Value": {
"$type": "RogueEssence.LevelGen.PlaceRandomMobsStep`1[[RogueEssence.LevelGen.MapGenContext, RogueEssence]], RogueEssence",
"Filters": [
{
"$type": "PMDC.LevelGen.RoomFilterConnectivity, PMDC",
"Connection": 1
}
],
"IncludeHalls": false,
"Spawn": {
"$type": "RogueEssence.LevelGen.TeamContextSpawner`1[[RogueEssence.LevelGen.MapGenContext, RogueEssence]], RogueEssence",
"Amount": {
"Min": 2,
"Max": 4
}
},
"Ally": false,
"ClumpFactor": 20
}
},
{
"Key": {
"str": [
7
]
},
"Value": {
"$type": "RogueElements.DetectIsolatedStairsStep`3[[RogueEssence.LevelGen.MapGenContext, RogueEssence],[RogueEssence.LevelGen.MapGenEntrance, RogueEssence],[RogueEssence.LevelGen.MapGenExit, RogueEssence]], RogueElements"
}
}
],
"Comment": ""
},
{
"$type": "RogueEssence.LevelGen.GridFloorGen, RogueEssence",
"GenSteps": [
{
"Key": {
"str": [
-6
]
},
"Value": {
"$type": "PMDC.LevelGen.MapDataStep`1[[RogueEssence.LevelGen.MapGenContext, RogueEssence]], PMDC",
"Music": "Demonstration.ogg",
"TimeLimit": 1500,
"TileSight": 0,
"CharSight": 0,
"ClampCamera": false
}
},
{
"Key": {
"str": [
-5
]
},
"Value": {
"$type": "RogueElements.InitGridPlanStep`1[[RogueEssence.LevelGen.MapGenContext, RogueEssence]], RogueElements",
"CellWidth": 10,
"CellHeight": 10,
"CellX": 3,
"CellY": 2,
"CellWall": 1,
"Wrap": false
}
},
{
"Key": {
"str": [
-4
]
},
"Value": {
"$type": "RogueElements.GridPathBranch`1[[RogueEssence.LevelGen.MapGenContext, RogueEssence]], RogueElements",
"RoomRatio": {
"Min": 90,
"Max": 90
},
"BranchRatio": {
"Min": 0,
"Max": 25
},
"NoForcedBranches": false,
"GenericRooms": {
"$type": "RogueElements.SpawnList`1[[RogueElements.RoomGen`1[[RogueEssence.LevelGen.MapGenContext, RogueEssence]], RogueElements]], RogueElements",
"$values": [
{
"Spawn": {
"$type": "RogueElements.RoomGenCross`1[[RogueEssence.LevelGen.MapGenContext, RogueEssence]], RogueElements",
"MajorWidth": {
"Min": 4,
"Max": 11
},
"MinorHeight": {
"Min": 2,
"Max": 6
},
"MajorHeight": {
"Min": 4,
"Max": 11
},
"MinorWidth": {
"Min": 2,
"Max": 6
}
},
"Rate": 10
},
{
"Spawn": {
"$type": "RogueElements.RoomGenRound`1[[RogueEssence.LevelGen.MapGenContext, RogueEssence]], RogueElements",
"Width": {
"Min": 5,
"Max": 10
},
"Height": {
"Min": 5,
"Max": 10
}
},
"Rate": 10
}
]
},
"RoomComponents": [
{
"$type": "PMDC.LevelGen.ConnectivityRoom, PMDC",
"Connection": 1
}
],
"GenericHalls": {
"$type": "RogueElements.SpawnList`1[[RogueElements.PermissiveRoomGen`1[[RogueEssence.LevelGen.MapGenContext, RogueEssence]], RogueElements]], RogueElements",
"$values": [
{
"Spawn": {
"$type": "RogueElements.RoomGenAngledHall`1[[RogueEssence.LevelGen.MapGenContext, RogueEssence]], RogueElements",
"HallTurnBias": 50,
"Brush": {
"$type": "RogueElements.DefaultHallBrush, RogueElements"
},
"Width": {
"Min": 0,
"Max": 0
},
"Height": {
"Min": 0,
"Max": 0
}
},
"Rate": 10
}
]
},
"HallComponents": [
{
"$type": "PMDC.LevelGen.ConnectivityRoom, PMDC",
"Connection": 1
}
]
}
},
{
"Key": {
"str": [
-4
]
},
"Value": {
"$type": "RogueElements.ConnectGridBranchStep`1[[RogueEssence.LevelGen.MapGenContext, RogueEssence]], RogueElements",
"ConnectPercent": 75,
"Filters": [
{
"$type": "RogueElements.RoomFilterComponent, RogueElements",
"Negate": true,
"Components": [
{
"$type": "PMDC.LevelGen.NoConnectRoom, PMDC"
}
]
}
],
"GenericHalls": {
"$type": "RogueElements.PresetPicker`1[[RogueElements.PermissiveRoomGen`1[[RogueEssence.LevelGen.MapGenContext, RogueEssence]], RogueElements]], RogueElements",
"ToSpawn": {
"$type": "RogueElements.RoomGenAngledHall`1[[RogueEssence.LevelGen.MapGenContext, RogueEssence]], RogueElements",
"HallTurnBias": 50,
"Brush": {
"$type": "RogueElements.DefaultHallBrush, RogueElements"
},
"Width": {
"Min": 0,
"Max": 0
},
"Height": {
"Min": 0,
"Max": 0
}
}
},
"HallComponents": [
{
"$type": "PMDC.LevelGen.ConnectivityRoom, PMDC",
"Connection": 1
}
]
}
},
{
"Key": {
"str": [
-3
]
},
"Value": {
"$type": "RogueElements.DrawGridToFloorStep`1[[RogueEssence.LevelGen.MapGenContext, RogueEssence]], RogueElements"
}
},
{
"Key": {
"str": [
-1
]
},
"Value": {
"$type": "RogueElements.DrawFloorToTileStep`1[[RogueEssence.LevelGen.MapGenContext, RogueEssence]], RogueElements",
"Padding": 1
}
},
{
"Key": {
"str": [
0,
1
]
},
"Value": {
"$type": "RogueEssence.LevelGen.UnbreakableBorderStep`1[[RogueEssence.LevelGen.MapGenContext, RogueEssence]], RogueEssence",
"Thickness": 1
}
},
{
"Key": {
"str": [
1,
2
]
},
"Value": {
"$type": "PMDC.LevelGen.MobSpawnSettingsStep`1[[RogueEssence.LevelGen.MapGenContext, RogueEssence]], PMDC",
"Priority": {
"str": [
15
]
},
"Respawn": {
"$type": "PMDC.Dungeon.RespawnFromEligibleEvent, PMDC",
"MaxFoes": 3,
"RespawnTime": 80
},
"MaxFoes": 0,
"RespawnTime": 0
}
},
{
"Key": {
"str": [
2
]
},
"Value": {
"$type": "RogueElements.FloorStairsStep`3[[RogueEssence.LevelGen.MapGenContext, RogueEssence],[RogueEssence.LevelGen.MapGenEntrance, RogueEssence],[RogueEssence.LevelGen.MapGenExit, RogueEssence]], RogueElements",
"MinDistance": 0,
"Entrances": [
{
"Loc": {
"X": 0,
"Y": 0
},
"Dir": 0
}
],
"Exits": [
{
"Loc": {
"X": 0,
"Y": 0
},
"Tile": {
"TileLoc": {
"X": 0,
"Y": 0
},
"ID": "stairs_go_up",
"Revealed": true,
"Owner": 0,
"TileStates": []
}
}
],
"Filters": [
{
"$type": "PMDC.LevelGen.RoomFilterConnectivity, PMDC",
"Connection": 1
},
{
"$type": "RogueElements.RoomFilterComponent, RogueElements",
"Negate": true,
"Components": [
{
"$type": "PMDC.LevelGen.BossRoom, PMDC"
}
]
}
]
}
},
{
"Key": {
"str": [
3
]
},
"Value": {
"$type": "RogueElements.PerlinWaterStep`1[[RogueEssence.LevelGen.MapGenContext, RogueEssence]], RogueElements",
"OrderComplexity": 3,
"OrderSoftness": 1,
"WaterPercent": {
"Min": 30,
"Max": 30
},
"Bowl": true,
"Terrain": {
"$type": "RogueEssence.Dungeon.Tile, RogueEssence",
"Data": {
"ID": "water",
"TileTex": {
"AutoTileset": "",
"Associates": [],
"Layers": [],
"NeighborCode": -1
},
"StableTex": false
},
"Effect": {
"TileLoc": {
"X": 0,
"Y": 0
},
"ID": "",
"Revealed": false,
"Owner": 0,
"TileStates": []
}
},
"TerrainStencil": {
"$type": "RogueElements.MapTerrainStencil`1[[RogueEssence.LevelGen.MapGenContext, RogueEssence]], RogueElements",
"Room": false,
"Wall": true,
"Blocked": false,
"Not": false
}
}
},
{
"Key": {
"str": [
3,
1
]
},
"Value": {
"$type": "RogueElements.DropDiagonalBlockStep`1[[RogueEssence.LevelGen.MapGenContext, RogueEssence]], RogueElements",
"Terrain": {
"$type": "RogueEssence.Dungeon.Tile, RogueEssence",
"Data": {
"ID": "water",
"TileTex": {
"AutoTileset": "",
"Associates": [],
"Layers": [],
"NeighborCode": -1
},
"StableTex": false
},
"Effect": {
"TileLoc": {
"X": 0,
"Y": 0
},
"ID": "",
"Revealed": false,
"Owner": 0,
"TileStates": []
}
}
}
},
{
"Key": {
"str": [
3,
2
]
},
"Value": {
"$type": "RogueElements.EraseIsolatedStep`1[[RogueEssence.LevelGen.MapGenContext, RogueEssence]], RogueElements",
"Terrain": {
"$type": "RogueEssence.Dungeon.Tile, RogueEssence",
"Data": {
"ID": "water",
"TileTex": {
"AutoTileset": "",
"Associates": [],
"Layers": [],
"NeighborCode": -1
},
"StableTex": false
},
"Effect": {
"TileLoc": {
"X": 0,
"Y": 0
},
"ID": "",
"Revealed": false,
"Owner": 0,
"TileStates": []
}
}
}
},
{
"Key": {
"str": [
4
]
},
"Value": {
"$type": "RogueEssence.LevelGen.MapTextureStep`1[[RogueEssence.LevelGen.MapGenContext, RogueEssence]], RogueEssence",
"GroundTileset": "uproar_forest_floor",
"BlockTileset": "uproar_forest_wall",
"WaterTileset": "uproar_forest_secondary",
"LayeredGround": false,
"IndependentGround": false,
"GroundElement": "normal"
}
},
{
"Key": {
"str": [
5
]
},
"Value": {
"$type": "PMDC.LevelGen.SpacedRoomSpawnStep`2[[RogueEssence.LevelGen.MapGenContext, RogueEssence],[RogueEssence.Dungeon.EffectTile, RogueEssence]], PMDC",
"IncludeHalls": false,
"Filters": [
{
"$type": "PMDC.LevelGen.RoomFilterConnectivity, PMDC",
"Connection": 1
}
],
"Spawn": {
"$type": "RogueElements.PickerSpawner`2[[RogueEssence.LevelGen.MapGenContext, RogueEssence],[RogueEssence.Dungeon.EffectTile, RogueEssence]], RogueElements",
"Picker": {
"$type": "RogueElements.LoopedRand`1[[RogueEssence.Dungeon.EffectTile, RogueEssence]], RogueElements",
"Spawner": {
"$type": "RogueElements.SpawnList`1[[RogueEssence.Dungeon.EffectTile, RogueEssence]], RogueElements",
"$values": [
{
"Spawn": {
"TileLoc": {
"X": 0,
"Y": 0
},
"ID": "tile_wonder",
"Revealed": true,
"Owner": 0,
"TileStates": []
},
"Rate": 10
}
]
},
"AmountSpawner": {
"$type": "RogueElements.RandRange, RogueElements",
"Min": 2,
"Max": 4
}
}
}
}
},
{
"Key": {
"str": [
5
]
},
"Value": {
"$type": "RogueElements.RandomRoomSpawnStep`2[[RogueEssence.LevelGen.MapGenContext, RogueEssence],[RogueEssence.Dungeon.EffectTile, RogueEssence]], RogueElements",
"SuccessPercent": 100,
"IncludeHalls": false,
"Filters": [
{
"$type": "PMDC.LevelGen.RoomFilterConnectivity, PMDC",
"Connection": 1
}
],
"Spawn": {
"$type": "RogueElements.ContextSpawner`2[[RogueEssence.LevelGen.MapGenContext, RogueEssence],[RogueEssence.Dungeon.EffectTile, RogueEssence]], RogueElements",
"Amount": {
"Min": 6,
"Max": 9
}
}
}
},
{
"Key": {
"str": [
6
]
},
"Value": {
"$type": "RogueElements.TerminalSpawnStep`2[[RogueEssence.LevelGen.MapGenContext, RogueEssence],[RogueEssence.LevelGen.MoneySpawn, RogueEssence]], RogueElements",
"IncludeHalls": false,
"Filters": [],
"Spawn": {
"$type": "RogueEssence.LevelGen.MoneyDivSpawner`1[[RogueEssence.LevelGen.MapGenContext, RogueEssence]], RogueEssence",
"DivAmount": {
"Min": 1,
"Max": 3
}
}
}
},
{
"Key": {
"str": [
6,
1
]
},
"Value": {
"$type": "RogueElements.DueSpawnStep`3[[RogueEssence.LevelGen.MapGenContext, RogueEssence],[RogueEssence.Dungeon.InvItem, RogueEssence],[RogueEssence.LevelGen.MapGenEntrance, RogueEssence]], RogueElements",
"SuccessPercent": 25,
"IncludeHalls": false,
"Filters": [
{
"$type": "PMDC.LevelGen.RoomFilterConnectivity, PMDC",
"Connection": 1
}
],
"Spawn": {
"$type": "RogueElements.ContextSpawner`2[[RogueEssence.LevelGen.MapGenContext, RogueEssence],[RogueEssence.Dungeon.InvItem, RogueEssence]], RogueElements",
"Amount": {
"Min": 2,
"Max": 4
}
}
}
},
{
"Key": {
"str": [
6,
2
]
},
"Value": {
"$type": "RogueEssence.LevelGen.PlaceRandomMobsStep`1[[RogueEssence.LevelGen.MapGenContext, RogueEssence]], RogueEssence",
"Filters": [
{
"$type": "PMDC.LevelGen.RoomFilterConnectivity, PMDC",
"Connection": 1
}
],
"IncludeHalls": false,
"Spawn": {
"$type": "RogueEssence.LevelGen.TeamContextSpawner`1[[RogueEssence.LevelGen.MapGenContext, RogueEssence]], RogueEssence",
"Amount": {
"Min": 2,
"Max": 4
}
},
"Ally": false,
"ClumpFactor": 20
}
},
{
"Key": {
"str": [
7
]
},
"Value": {
"$type": "RogueElements.DetectIsolatedStairsStep`3[[RogueEssence.LevelGen.MapGenContext, RogueEssence],[RogueEssence.LevelGen.MapGenEntrance, RogueEssence],[RogueEssence.LevelGen.MapGenExit, RogueEssence]], RogueElements"
}
}
],
"Comment": ""
},
{
"$type": "RogueEssence.LevelGen.GridFloorGen, RogueEssence",
"GenSteps": [
{
"Key": {
"str": [
-6
]
},
"Value": {
"$type": "PMDC.LevelGen.MapDataStep`1[[RogueEssence.LevelGen.MapGenContext, RogueEssence]], PMDC",
"Music": "Demonstration.ogg",
"TimeLimit": 1500,
"TileSight": 0,
"CharSight": 0,
"ClampCamera": false
}
},
{
"Key": {
"str": [
-5
]
},
"Value": {
"$type": "RogueElements.InitGridPlanStep`1[[RogueEssence.LevelGen.MapGenContext, RogueEssence]], RogueElements",
"CellWidth": 10,
"CellHeight": 10,
"CellX": 3,
"CellY": 2,
"CellWall": 1,
"Wrap": false
}
},
{
"Key": {
"str": [
-4
]
},
"Value": {
"$type": "RogueElements.GridPathBranch`1[[RogueEssence.LevelGen.MapGenContext, RogueEssence]], RogueElements",
"RoomRatio": {
"Min": 90,
"Max": 90
},
"BranchRatio": {
"Min": 0,
"Max": 25
},
"NoForcedBranches": false,
"GenericRooms": {
"$type": "RogueElements.SpawnList`1[[RogueElements.RoomGen`1[[RogueEssence.LevelGen.MapGenContext, RogueEssence]], RogueElements]], RogueElements",
"$values": [
{
"Spawn": {
"$type": "RogueElements.RoomGenCross`1[[RogueEssence.LevelGen.MapGenContext, RogueEssence]], RogueElements",
"MajorWidth": {
"Min": 4,
"Max": 11
},
"MinorHeight": {
"Min": 2,
"Max": 6
},
"MajorHeight": {
"Min": 4,
"Max": 11
},
"MinorWidth": {
"Min": 2,
"Max": 6
}
},
"Rate": 10
},
{
"Spawn": {
"$type": "RogueElements.RoomGenRound`1[[RogueEssence.LevelGen.MapGenContext, RogueEssence]], RogueElements",
"Width": {
"Min": 5,
"Max": 10
},
"Height": {
"Min": 5,
"Max": 10
}
},
"Rate": 10
}
]
},
"RoomComponents": [
{
"$type": "PMDC.LevelGen.ConnectivityRoom, PMDC",
"Connection": 1
}
],
"GenericHalls": {
"$type": "RogueElements.SpawnList`1[[RogueElements.PermissiveRoomGen`1[[RogueEssence.LevelGen.MapGenContext, RogueEssence]], RogueElements]], RogueElements",
"$values": [
{
"Spawn": {
"$type": "RogueElements.RoomGenAngledHall`1[[RogueEssence.LevelGen.MapGenContext, RogueEssence]], RogueElements",
"HallTurnBias": 50,
"Brush": {
"$type": "RogueElements.DefaultHallBrush, RogueElements"
},
"Width": {
"Min": 0,
"Max": 0
},
"Height": {
"Min": 0,
"Max": 0
}
},
"Rate": 10
}
]
},
"HallComponents": [
{
"$type": "PMDC.LevelGen.ConnectivityRoom, PMDC",
"Connection": 1
}
]
}
},
{
"Key": {
"str": [
-4
]
},
"Value": {
"$type": "RogueElements.ConnectGridBranchStep`1[[RogueEssence.LevelGen.MapGenContext, RogueEssence]], RogueElements",
"ConnectPercent": 75,
"Filters": [
{
"$type": "RogueElements.RoomFilterComponent, RogueElements",
"Negate": true,
"Components": [
{
"$type": "PMDC.LevelGen.NoConnectRoom, PMDC"
}
]
}
],
"GenericHalls": {
"$type": "RogueElements.PresetPicker`1[[RogueElements.PermissiveRoomGen`1[[RogueEssence.LevelGen.MapGenContext, RogueEssence]], RogueElements]], RogueElements",
"ToSpawn": {
"$type": "RogueElements.RoomGenAngledHall`1[[RogueEssence.LevelGen.MapGenContext, RogueEssence]], RogueElements",
"HallTurnBias": 50,
"Brush": {
"$type": "RogueElements.DefaultHallBrush, RogueElements"
},
"Width": {
"Min": 0,
"Max": 0
},
"Height": {
"Min": 0,
"Max": 0
}
}
},
"HallComponents": [
{
"$type": "PMDC.LevelGen.ConnectivityRoom, PMDC",
"Connection": 1
}
]
}
},
{
"Key": {
"str": [
-3
]
},
"Value": {
"$type": "RogueElements.DrawGridToFloorStep`1[[RogueEssence.LevelGen.MapGenContext, RogueEssence]], RogueElements"
}
},
{
"Key": {
"str": [
-1
]
},
"Value": {
"$type": "RogueElements.DrawFloorToTileStep`1[[RogueEssence.LevelGen.MapGenContext, RogueEssence]], RogueElements",
"Padding": 1
}
},
{
"Key": {
"str": [
0,
1
]
},
"Value": {
"$type": "RogueEssence.LevelGen.UnbreakableBorderStep`1[[RogueEssence.LevelGen.MapGenContext, RogueEssence]], RogueEssence",
"Thickness": 1
}
},
{
"Key": {
"str": [
1,
2
]
},
"Value": {
"$type": "PMDC.LevelGen.MobSpawnSettingsStep`1[[RogueEssence.LevelGen.MapGenContext, RogueEssence]], PMDC",
"Priority": {
"str": [
15
]
},
"Respawn": {
"$type": "PMDC.Dungeon.RespawnFromEligibleEvent, PMDC",
"MaxFoes": 3,
"RespawnTime": 80
},
"MaxFoes": 0,
"RespawnTime": 0
}
},
{
"Key": {
"str": [
2
]
},
"Value": {
"$type": "RogueElements.FloorStairsStep`3[[RogueEssence.LevelGen.MapGenContext, RogueEssence],[RogueEssence.LevelGen.MapGenEntrance, RogueEssence],[RogueEssence.LevelGen.MapGenExit, RogueEssence]], RogueElements",
"MinDistance": 0,
"Entrances": [
{
"Loc": {
"X": 0,
"Y": 0
},
"Dir": 0
}
],
"Exits": [
{
"Loc": {
"X": 0,
"Y": 0
},
"Tile": {
"TileLoc": {
"X": 0,
"Y": 0
},
"ID": "stairs_go_up",
"Revealed": true,
"Owner": 0,
"TileStates": []
}
}
],
"Filters": [
{
"$type": "PMDC.LevelGen.RoomFilterConnectivity, PMDC",
"Connection": 1
},
{
"$type": "RogueElements.RoomFilterComponent, RogueElements",
"Negate": true,
"Components": [
{
"$type": "PMDC.LevelGen.BossRoom, PMDC"
}
]
}
]
}
},
{
"Key": {
"str": [
3
]
},
"Value": {
"$type": "RogueElements.PerlinWaterStep`1[[RogueEssence.LevelGen.MapGenContext, RogueEssence]], RogueElements",
"OrderComplexity": 3,
"OrderSoftness": 1,
"WaterPercent": {
"Min": 30,
"Max": 30
},
"Bowl": true,
"Terrain": {
"$type": "RogueEssence.Dungeon.Tile, RogueEssence",
"Data": {
"ID": "water",
"TileTex": {
"AutoTileset": "",
"Associates": [],
"Layers": [],
"NeighborCode": -1
},
"StableTex": false
},
"Effect": {
"TileLoc": {
"X": 0,
"Y": 0
},
"ID": "",
"Revealed": false,
"Owner": 0,
"TileStates": []
}
},
"TerrainStencil": {
"$type": "RogueElements.MapTerrainStencil`1[[RogueEssence.LevelGen.MapGenContext, RogueEssence]], RogueElements",
"Room": false,
"Wall": true,
"Blocked": false,
"Not": false
}
}
},
{
"Key": {
"str": [
3,
1
]
},
"Value": {
"$type": "RogueElements.DropDiagonalBlockStep`1[[RogueEssence.LevelGen.MapGenContext, RogueEssence]], RogueElements",
"Terrain": {
"$type": "RogueEssence.Dungeon.Tile, RogueEssence",
"Data": {
"ID": "water",
"TileTex": {
"AutoTileset": "",
"Associates": [],
"Layers": [],
"NeighborCode": -1
},
"StableTex": false
},
"Effect": {
"TileLoc": {
"X": 0,
"Y": 0
},
"ID": "",
"Revealed": false,
"Owner": 0,
"TileStates": []
}
}
}
},
{
"Key": {
"str": [
3,
2
]
},
"Value": {
"$type": "RogueElements.EraseIsolatedStep`1[[RogueEssence.LevelGen.MapGenContext, RogueEssence]], RogueElements",
"Terrain": {
"$type": "RogueEssence.Dungeon.Tile, RogueEssence",
"Data": {
"ID": "water",
"TileTex": {
"AutoTileset": "",
"Associates": [],
"Layers": [],
"NeighborCode": -1
},
"StableTex": false
},
"Effect": {
"TileLoc": {
"X": 0,
"Y": 0
},
"ID": "",
"Revealed": false,
"Owner": 0,
"TileStates": []
}
}
}
},
{
"Key": {
"str": [
4
]
},
"Value": {
"$type": "RogueEssence.LevelGen.MapTextureStep`1[[RogueEssence.LevelGen.MapGenContext, RogueEssence]], RogueEssence",
"GroundTileset": "uproar_forest_floor",
"BlockTileset": "uproar_forest_wall",
"WaterTileset": "uproar_forest_secondary",
"LayeredGround": false,
"IndependentGround": false,
"GroundElement": "normal"
}
},
{
"Key": {
"str": [
5
]
},
"Value": {
"$type": "PMDC.LevelGen.SpacedRoomSpawnStep`2[[RogueEssence.LevelGen.MapGenContext, RogueEssence],[RogueEssence.Dungeon.EffectTile, RogueEssence]], PMDC",
"IncludeHalls": false,
"Filters": [
{
"$type": "PMDC.LevelGen.RoomFilterConnectivity, PMDC",
"Connection": 1
}
],
"Spawn": {
"$type": "RogueElements.PickerSpawner`2[[RogueEssence.LevelGen.MapGenContext, RogueEssence],[RogueEssence.Dungeon.EffectTile, RogueEssence]], RogueElements",
"Picker": {
"$type": "RogueElements.LoopedRand`1[[RogueEssence.Dungeon.EffectTile, RogueEssence]], RogueElements",
"Spawner": {
"$type": "RogueElements.SpawnList`1[[RogueEssence.Dungeon.EffectTile, RogueEssence]], RogueElements",
"$values": [
{
"Spawn": {
"TileLoc": {
"X": 0,
"Y": 0
},
"ID": "tile_wonder",
"Revealed": true,
"Owner": 0,
"TileStates": []
},
"Rate": 10
}
]
},
"AmountSpawner": {
"$type": "RogueElements.RandRange, RogueElements",
"Min": 2,
"Max": 4
}
}
}
}
},
{
"Key": {
"str": [
5
]
},
"Value": {
"$type": "RogueElements.RandomRoomSpawnStep`2[[RogueEssence.LevelGen.MapGenContext, RogueEssence],[RogueEssence.Dungeon.EffectTile, RogueEssence]], RogueElements",
"SuccessPercent": 100,
"IncludeHalls": false,
"Filters": [
{
"$type": "PMDC.LevelGen.RoomFilterConnectivity, PMDC",
"Connection": 1
}
],
"Spawn": {
"$type": "RogueElements.ContextSpawner`2[[RogueEssence.LevelGen.MapGenContext, RogueEssence],[RogueEssence.Dungeon.EffectTile, RogueEssence]], RogueElements",
"Amount": {
"Min": 6,
"Max": 9
}
}
}
},
{
"Key": {
"str": [
6
]
},
"Value": {
"$type": "RogueElements.TerminalSpawnStep`2[[RogueEssence.LevelGen.MapGenContext, RogueEssence],[RogueEssence.LevelGen.MoneySpawn, RogueEssence]], RogueElements",
"IncludeHalls": false,
"Filters": [],
"Spawn": {
"$type": "RogueEssence.LevelGen.MoneyDivSpawner`1[[RogueEssence.LevelGen.MapGenContext, RogueEssence]], RogueEssence",
"DivAmount": {
"Min": 1,
"Max": 3
}
}
}
},
{
"Key": {
"str": [
6,
1
]
},
"Value": {
"$type": "RogueElements.DueSpawnStep`3[[RogueEssence.LevelGen.MapGenContext, RogueEssence],[RogueEssence.Dungeon.InvItem, RogueEssence],[RogueEssence.LevelGen.MapGenEntrance, RogueEssence]], RogueElements",
"SuccessPercent": 25,
"IncludeHalls": false,
"Filters": [
{
"$type": "PMDC.LevelGen.RoomFilterConnectivity, PMDC",
"Connection": 1
}
],
"Spawn": {
"$type": "RogueElements.ContextSpawner`2[[RogueEssence.LevelGen.MapGenContext, RogueEssence],[RogueEssence.Dungeon.InvItem, RogueEssence]], RogueElements",
"Amount": {
"Min": 2,
"Max": 4
}
}
}
},
{
"Key": {
"str": [
6,
2
]
},
"Value": {
"$type": "RogueEssence.LevelGen.PlaceRandomMobsStep`1[[RogueEssence.LevelGen.MapGenContext, RogueEssence]], RogueEssence",
"Filters": [
{
"$type": "PMDC.LevelGen.RoomFilterConnectivity, PMDC",
"Connection": 1
}
],
"IncludeHalls": false,
"Spawn": {
"$type": "RogueEssence.LevelGen.TeamContextSpawner`1[[RogueEssence.LevelGen.MapGenContext, RogueEssence]], RogueEssence",
"Amount": {
"Min": 2,
"Max": 4
}
},
"Ally": false,
"ClumpFactor": 20
}
},
{
"Key": {
"str": [
7
]
},
"Value": {
"$type": "RogueElements.DetectIsolatedStairsStep`3[[RogueEssence.LevelGen.MapGenContext, RogueEssence],[RogueEssence.LevelGen.MapGenEntrance, RogueEssence],[RogueEssence.LevelGen.MapGenExit, RogueEssence]], RogueElements"
}
}
],
"Comment": ""
}
],
"ZoneSteps": [
{
"$type": "PMDC.LevelGen.SaveVarsZoneStep, PMDC",
"Priority": {
"str": [
2,
1
]
}
},
{
"$type": "PMDC.LevelGen.FloorNameDropZoneStep, PMDC",
"DropPriority": {
"str": [
-15
]
},
"Name": {
"DefaultText": "Alpha Archipelago\\n{0}F",
"LocalTexts": {}
},
"Priority": {
"str": [
-6
]
}
},
{
"$type": "RogueEssence.LevelGen.MoneySpawnZoneStep, RogueEssence",
"Priority": {
"str": [
1
]
},
"StartAmount": {
"Min": 50,
"Max": 55
},
"AddAmount": {
"Min": 2,
"Max": 6
},
"ModStates": [
{
"assembly": "PMDC, Version=0.8.5.0, Culture=neutral, PublicKeyToken=null",
"type": "PMDC.Dungeon.CoinModGenState"
}
]
},
{
"$type": "RogueEssence.LevelGen.ItemSpawnZoneStep, RogueEssence",
"Priority": {
"str": [
1,
1
]
},
"Spawns": {
"necessities": {
"Spawns": [
{
"Spawn": {
"ID": "berry_leppa",
"Cursed": false,
"HiddenValue": "",
"Amount": 0,
"Price": 0
},
"Rate": 9,
"Range": {
"Min": 0,
"Max": 4
}
},
{
"Spawn": {
"ID": "berry_oran",
"Cursed": false,
"HiddenValue": "",
"Amount": 0,
"Price": 0
},
"Rate": 12,
"Range": {
"Min": 0,
"Max": 4
}
},
{
"Spawn": {
"ID": "food_apple",
"Cursed": false,
"HiddenValue": "",
"Amount": 0,
"Price": 0
},
"Rate": 10,
"Range": {
"Min": 0,
"Max": 4
}
},
{
"Spawn": {
"ID": "berry_lum",
"Cursed": false,
"HiddenValue": "",
"Amount": 0,
"Price": 0
},
"Rate": 10,
"Range": {
"Min": 0,
"Max": 4
}
},
{
"Spawn": {
"ID": "seed_reviver",
"Cursed": false,
"HiddenValue": "",
"Amount": 0,
"Price": 0
},
"Rate": 5,
"Range": {
"Min": 0,
"Max": 4
}
},
{
"Spawn": {
"ID": "seed_blast",
"Cursed": false,
"HiddenValue": "",
"Amount": 0,
"Price": 0
},
"Rate": 9,
"Range": {
"Min": 0,
"Max": 4
}
}
],
"SpawnRates": {
"nodes": [
{
"Item": 14,
"Range": {
"Min": 0,
"Max": 4
}
}
]
}
},
"special": {
"Spawns": [
{
"Spawn": {
"ID": "apricorn_blue",
"Cursed": false,
"HiddenValue": "",
"Amount": 0,
"Price": 0
},
"Rate": 2,
"Range": {
"Min": 1,
"Max": 4
}
},
{
"Spawn": {
"ID": "apricorn_green",
"Cursed": false,
"HiddenValue": "",
"Amount": 0,
"Price": 0
},
"Rate": 2,
"Range": {
"Min": 1,
"Max": 4
}
},
{
"Spawn": {
"ID": "apricorn_white",
"Cursed": false,
"HiddenValue": "",
"Amount": 0,
"Price": 0
},
"Rate": 2,
"Range": {
"Min": 1,
"Max": 4
}
}
],
"SpawnRates": {
"nodes": [
{
"Item": 7,
"Range": {
"Min": 0,
"Max": 4
}
}
]
}
}
}
},
{
"$type": "RogueEssence.LevelGen.TeamSpawnZoneStep, RogueEssence",
"Priority": {
"str": [
1,
2
]
},
"Spawns": [
{
"Spawn": {
"Spawn": {
"BaseForm": {
"Species": "sentret",
"Form": 0,
"Skin": "",
"Gender": -1
},
"Level": {
"Min": 2,
"Max": 2
},
"SpecifiedSkills": [
"scratch"
],
"Intrinsic": "",
"Tactic": "wander_dumb",
"SpawnConditions": [],
"SpawnFeatures": [
{
"$type": "PMDC.LevelGen.MobSpawnWeak, PMDC"
},
{
"$type": "PMDC.LevelGen.MobSpawnMovesOff, PMDC",
"StartAt": 1,
"Remove": false
}
]
},
"Role": 0
},
"Rate": 10,
"Range": {
"Min": 0,
"Max": 2
}
},
{
"Spawn": {
"Spawn": {
"BaseForm": {
"Species": "sentret",
"Form": 0,
"Skin": "",
"Gender": -1
},
"Level": {
"Min": 5,
"Max": 5
},
"SpecifiedSkills": [
"scratch"
],
"Intrinsic": "",
"Tactic": "wander_dumb",
"SpawnConditions": [],
"SpawnFeatures": [
{
"$type": "PMDC.LevelGen.MobSpawnWeak, PMDC"
},
{
"$type": "PMDC.LevelGen.MobSpawnMovesOff, PMDC",
"StartAt": 1,
"Remove": false
}
]
},
"Role": 0
},
"Rate": 10,
"Range": {
"Min": 2,
"Max": 4
}
},
{
"Spawn": {
"Spawn": {
"BaseForm": {
"Species": "sunkern",
"Form": 0,
"Skin": "",
"Gender": -1
},
"Level": {
"Min": 3,
"Max": 3
},
"SpecifiedSkills": [
"absorb"
],
"Intrinsic": "",
"Tactic": "wander_dumb",
"SpawnConditions": [],
"SpawnFeatures": [
{
"$type": "PMDC.LevelGen.MobSpawnWeak, PMDC"
},
{
"$type": "PMDC.LevelGen.MobSpawnMovesOff, PMDC",
"StartAt": 1,
"Remove": false
}
]
},
"Role": 0
},
"Rate": 10,
"Range": {
"Min": 0,
"Max": 2
}
},
{
"Spawn": {
"Spawn": {
"BaseForm": {
"Species": "sunkern",
"Form": 0,
"Skin": "",
"Gender": -1
},
"Level": {
"Min": 5,
"Max": 5
},
"SpecifiedSkills": [
"absorb"
],
"Intrinsic": "",
"Tactic": "wander_dumb",
"SpawnConditions": [],
"SpawnFeatures": [
{
"$type": "PMDC.LevelGen.MobSpawnWeak, PMDC"
},
{
"$type": "PMDC.LevelGen.MobSpawnMovesOff, PMDC",
"StartAt": 1,
"Remove": false
}
]
},
"Role": 0
},
"Rate": 10,
"Range": {
"Min": 1,
"Max": 4
}
},
{
"Spawn": {
"Spawn": {
"BaseForm": {
"Species": "starly",
"Form": 0,
"Skin": "",
"Gender": -1
},
"Level": {
"Min": 2,
"Max": 2
},
"SpecifiedSkills": [
"tackle"
],
"Intrinsic": "",
"Tactic": "wander_dumb",
"SpawnConditions": [],
"SpawnFeatures": [
{
"$type": "PMDC.LevelGen.MobSpawnWeak, PMDC"
},
{
"$type": "PMDC.LevelGen.MobSpawnMovesOff, PMDC",
"StartAt": 1,
"Remove": false
}
]
},
"Role": 0
},
"Rate": 10,
"Range": {
"Min": 0,
"Max": 4
}
},
{
"Spawn": {
"Spawn": {
"BaseForm": {
"Species": "starly",
"Form": 0,
"Skin": "",
"Gender": -1
},
"Level": {
"Min": 4,
"Max": 4
},
"SpecifiedSkills": [
"tackle"
],
"Intrinsic": "",
"Tactic": "wander_dumb",
"SpawnConditions": [],
"SpawnFeatures": [
{
"$type": "PMDC.LevelGen.MobSpawnWeak, PMDC"
},
{
"$type": "PMDC.LevelGen.MobSpawnMovesOff, PMDC",
"StartAt": 1,
"Remove": false
}
]
},
"Role": 0
},
"Rate": 10,
"Range": {
"Min": 2,
"Max": 4
}
},
{
"Spawn": {
"Spawn": {
"BaseForm": {
"Species": "caterpie",
"Form": 0,
"Skin": "",
"Gender": -1
},
"Level": {
"Min": 4,
"Max": 4
},
"SpecifiedSkills": [
"tackle",
"string_shot"
],
"Intrinsic": "",
"Tactic": "wander_dumb",
"SpawnConditions": [],
"SpawnFeatures": [
{
"$type": "PMDC.LevelGen.MobSpawnWeak, PMDC"
},
{
"$type": "PMDC.LevelGen.MobSpawnMovesOff, PMDC",
"StartAt": 2,
"Remove": false
}
]
},
"Role": 0
},
"Rate": 10,
"Range": {
"Min": 2,
"Max": 4
}
},
{
"Spawn": {
"Spawn": {
"BaseForm": {
"Species": "staryu",
"Form": 0,
"Skin": "",
"Gender": -1
},
"Level": {
"Min": 4,
"Max": 4
},
"SpecifiedSkills": [
"water_gun"
],
"Intrinsic": "natural_cure",
"Tactic": "wander_dumb",
"SpawnConditions": [],
"SpawnFeatures": [
{
"$type": "PMDC.LevelGen.MobSpawnWeak, PMDC"
},
{
"$type": "PMDC.LevelGen.MobSpawnMovesOff, PMDC",
"StartAt": 1,
"Remove": false
}
]
},
"Role": 0
},
"Rate": 10,
"Range": {
"Min": 2,
"Max": 4
}
}
],
"TeamSizes": [
{
"Spawn": 1,
"Rate": 12,
"Range": {
"Min": 0,
"Max": 4
}
}
],
"SpecificSpawns": []
},
{
"$type": "RogueEssence.LevelGen.TileSpawnZoneStep, RogueEssence",
"Priority": {
"str": [
1,
3
]
},
"Spawns": []
}
],
"IsRelevant": true,
"Comment": ""
}
],
"GroundMaps": []
}
}